{
	"geometry.villager": {
		"texturewidth": 64,
		"textureheight": 64,
		"bones": [
			{
				"name": "head",
				"pivot": [0, 24, 0],
				"cubes": [
					{
						"origin": [-2, 31, 3.5],
						"size": [4, 2, 1],
						"uv": [0, 0]
					},
					{
						"origin": [3.5, 31, -2],
						"size": [1, 2, 4],
						"uv": [0, 0]
					},
					{
						"origin": [-3, 34, 1],
						"size": [6, 1, 2],
						"uv": [0, 8]
					},
					{
						"origin": [-3, 34, -1],
						"size": [6, 1, 2],
						"uv": [0, 4]
					},
					{
						"origin": [-3, 34, -3],
						"size": [6, 1, 2],
						"uv": [0, 0]
					},
					{
						"origin": [-4.5, 31, -2],
						"size": [1, 2, 4],
						"uv": [0, 0]
					},
					{
						"origin": [-4, 24, -4],
						"size": [8, 10, 8],
						"uv": [0, 0]
					},
					{
						"origin": [-0.5, 34.5, -0.5],
						"size": [1, 1, 1],
						"uv": [21, 32]
					},
					{
						"origin": [-3, 31, -7],
						"size": [6, 1, 1],
						"uv": [7, 8]
					},
					{
						"origin": [-4, 31, -6],
						"size": [8, 1, 2],
						"uv": [7, 8]
					},
					{
						"origin": [-2, 24, -5],
						"size": [4, 2, 1],
						"uv": [54, 0]
					},
					{
						"origin": [-1, 25, -6],
						"size": [2, 2, 2],
						"uv": [24, 0]
					}
				]
			},
			{
				"name": "leg0",
				"pivot": [2, 12, 0],
				"cubes": [
					{
						"origin": [0.5, 0, -2],
						"size": [3, 12, 4],
						"uv": [0, 22]
					}
				]
			},
			{
				"name": "leg1",
				"pivot": [-2, 12, 0],
				"cubes": [
					{
						"origin": [-3.5, 0, -2],
						"size": [3, 12, 4],
						"uv": [0, 22]
					}
				]
			},
			{
				"name": "body",
				"pivot": [0, 10, 0],
				"cubes": [
					{
						"origin": [-4, 10, -3],
						"size": [8, 14, 6],
						"uv": [0, 38]
					},
					{
						"origin": [-8, 20, -2],
						"size": [4, 4, 4],
						"uv": [44, 22]
					},
					{
						"origin": [-7.5, 12, -1.5],
						"size": [3, 8, 3],
						"uv": [44, 11]
					},
					{
						"origin": [4.5, 12, -1.5],
						"size": [3, 8, 3],
						"uv": [44, 11]
					},
					{
						"origin": [4, 20, -2],
						"size": [4, 4, 4],
						"uv": [44, 22]
					}
				]
			}
		]
	},
	"geometry.horse": {
		"texturewidth": 256,
		"textureheight": 256,
		"bones": [
			{
				"name": "Body",
				"pivot": [0, 0, 0],
				"cubes": [
					{
						"origin": [-6, 4, 18],
						"size": [12, 1, 5],
						"uv": [25, 111]
					},
					{
						"origin": [-6, 4, -11],
						"size": [12, 1, 5],
						"uv": [25, 111]
					},
					{
						"origin": [-6, 4, -6],
						"size": [12, 1, 9],
						"uv": [25, 111]
					},
					{
						"origin": [-6, 4, 3],
						"size": [12, 1, 6],
						"uv": [25, 111]
					},
					{
						"origin": [-6, 4, 9],
						"size": [12, 1, 9],
						"uv": [25, 111]
					},
					{
						"origin": [-6, 3.875, -9],
						"size": [12, 1, 18],
						"uv": [0, 83]
					},
					{
						"origin": [-8, 4, -9],
						"size": [2, 10, 18],
						"uv": [0, 55]
					},
					{
						"origin": [-7.875, 20.125, -10.25],
						"size": [15.75, 2, 8],
						"uv": [49, 0]
					},
					{
						"origin": [-7.875, 20.125, -2.25],
						"size": [15.75, 2, 12.875],
						"uv": [40, 0]
					},
					{
						"origin": [-7.875, 12, 8.75],
						"size": [15.75, 10, 2],
						"uv": [44, 2]
					},
					{
						"origin": [-3.75, 21, -10.75],
						"size": [7.75, 4.5, 1],
						"uv": [0, 34.5]
					},
					{
						"origin": [-7, 12, 24.875],
						"size": [14.75, 7.875, 2],
						"uv": [23, 24]
					},
					{
						"origin": [-7.75, 14, -8.75],
						"size": [15.75, 7.875, 0],
						"uv": [42, 27]
					},
					{
						"origin": [6.125, 12.125, -10],
						"size": [2, 10, 18],
						"uv": [40, 46]
					},
					{
						"origin": [6.125, 12.125, 8],
						"size": [2, 10, 18],
						"uv": [40, 46]
					},
					{
						"origin": [5.75, 12, 24],
						"size": [3.125, 10, 3],
						"uv": [34, 108]
					},
					{
						"origin": [5.25, 4, 22.75],
						"size": [4, 8, 4],
						"uv": [34, 108]
					},
					{
						"origin": [-9.25, 4, 22.75],
						"size": [4, 8, 4],
						"uv": [34, 108]
					},
					{
						"origin": [-8.875, 12, 24],
						"size": [3.125, 10, 3],
						"uv": [34, 108]
					},
					{
						"origin": [-7.875, 12.125, 8],
						"size": [2, 10, 18],
						"uv": [40, 18]
					},
					{
						"origin": [-7.875, 12.125, -10],
						"size": [2, 10, 18],
						"uv": [40, 18]
					},
					{
						"origin": [-8.125, 12, -9],
						"size": [2, 10, 18],
						"uv": [88, 55]
					},
					{
						"origin": [-8.125, 12, -10.125],
						"size": [1, 10, 1.25],
						"uv": [61, 0]
					},
					{
						"origin": [7.125, 12, -10.125],
						"size": [1, 10, 1.25],
						"uv": [61, 0]
					},
					{
						"origin": [6.25, 12, -9],
						"size": [2, 10, 18],
						"uv": [88, 27]
					},
					{
						"origin": [6, 4, -9],
						"size": [2, 10, 18],
						"uv": [0, 27]
					},
					{
						"origin": [-8, 4, 9],
						"size": [16, 10, 2],
						"uv": [92, 116]
					},
					{
						"origin": [-2, 8, -21],
						"size": [4, 2, 10],
						"uv": [166, 180]
					},
					{
						"origin": [-0.5, 16, 15],
						"size": [1, 2, 1],
						"uv": [151, 156]
					},
					{
						"origin": [-0.5, 19, 15],
						"size": [1, 1, 1],
						"uv": [151, 156]
					},
					{
						"origin": [-0.5, 18, 16],
						"size": [1, 2, 1],
						"uv": [151, 156]
					},
					{
						"origin": [-0.5, 18, 14],
						"size": [1, 1, 2],
						"uv": [151, 156]
					},
					{
						"origin": [-0.5, 12, 13],
						"size": [1, 3, 1],
						"uv": [151, 156]
					},
					{
						"origin": [-0.5, 14, 14],
						"size": [1, 2, 1],
						"uv": [151, 156]
					},
					{
						"origin": [-0.5, 16, 12],
						"size": [1, 1, 3],
						"uv": [151, 156]
					},
					{
						"origin": [-0.5, 17, 13],
						"size": [1, 1, 2],
						"uv": [151, 156]
					},
					{
						"origin": [-0.5, 15, 13],
						"size": [1, 1, 1],
						"uv": [151, 156]
					},
					{
						"origin": [-0.5, 15, 11],
						"size": [1, 1, 2],
						"uv": [151, 156]
					},
					{
						"origin": [-1.5, 12, 12],
						"size": [1, 3, 1],
						"uv": [151, 156]
					},
					{
						"origin": [0.5, 12, 12],
						"size": [1, 3, 1],
						"uv": [151, 156]
					},
					{
						"origin": [0.5, 10, 11],
						"size": [1, 4, 1],
						"uv": [151, 156]
					},
					{
						"origin": [-1.5, 10, 11],
						"size": [1, 4, 1],
						"uv": [151, 156]
					},
					{
						"origin": [-0.5, 10, 10],
						"size": [1, 5, 3],
						"uv": [151, 156]
					},
					{
						"origin": [-4, 7, -20],
						"size": [8, 4, 9],
						"uv": [151, 156]
					},
					{
						"origin": [-6, 6, -17],
						"size": [12, 6, 6],
						"uv": [151, 156]
					},
					{
						"origin": [-7, 4, -14],
						"size": [14, 9, 3],
						"uv": [151, 156]
					},
					{
						"origin": [-8, 4, -11],
						"size": [16, 10, 2],
						"uv": [92, 104]
					},
					{
						"origin": [-9, 4, 11],
						"size": [18, 4, 1],
						"uv": [0, 13]
					},
					{
						"origin": [-9, 4, -11],
						"size": [1, 4, 22],
						"uv": [0, 102]
					},
					{
						"origin": [5, 4, 24],
						"size": [4.5, 4, 1],
						"uv": [24, 102]
					},
					{
						"origin": [5, 4, 7],
						"size": [4.5, 4, 17],
						"uv": [24, 102]
					},
					{
						"origin": [-9.5, 4, 5],
						"size": [4.5, 4, 2],
						"uv": [26, 105]
					},
					{
						"origin": [-9.5, 4, 24],
						"size": [4.5, 4, 2],
						"uv": [26, 105]
					},
					{
						"origin": [-9.5, 4, 7],
						"size": [4.5, 4, 17],
						"uv": [25, 102]
					},
					{
						"origin": [-9, 8, 7],
						"size": [3, 4, 19],
						"uv": [24, 102]
					},
					{
						"origin": [7.125, 5, 26.125],
						"size": [2, 6, 1],
						"uv": [76, 76]
					},
					{
						"origin": [-9.125, 5, 26.125],
						"size": [2, 6, 1],
						"uv": [76, 76]
					},
					{
						"origin": [-8, 22, -10],
						"size": [16, 1, 1],
						"uv": [24, 106]
					},
					{
						"origin": [-8.5, 22, -9],
						"size": [17, 1, 4],
						"uv": [24, 106]
					},
					{
						"origin": [-4, 23, 19],
						"size": [8, 1, 4],
						"uv": [29, 57]
					},
					{
						"origin": [-4, 23, 15],
						"size": [8, 1, 4],
						"uv": [29, 57]
					},
					{
						"origin": [-4, 23, 11],
						"size": [8, 1, 4],
						"uv": [29, 57]
					},
					{
						"origin": [-4, 23, 7],
						"size": [8, 1, 4],
						"uv": [29, 57]
					},
					{
						"origin": [-4, 23, 3],
						"size": [8, 1, 4],
						"uv": [29, 57]
					},
					{
						"origin": [-4, 23, -1],
						"size": [8, 1, 4],
						"uv": [29, 57]
					},
					{
						"origin": [-4, 23, -5],
						"size": [8, 1, 4],
						"uv": [29, 57]
					},
					{
						"origin": [-9, 22, -5],
						"size": [18, 1, 4],
						"uv": [24, 106]
					},
					{
						"origin": [-9, 22, -1],
						"size": [18, 1, 4],
						"uv": [24, 106]
					},
					{
						"origin": [-9, 22, 3],
						"size": [18, 1, 4],
						"uv": [24, 106]
					},
					{
						"origin": [-9, 22, 7],
						"size": [18, 1, 4],
						"uv": [24, 106]
					},
					{
						"origin": [-9, 22, 11],
						"size": [18, 1, 4],
						"uv": [24, 106]
					},
					{
						"origin": [-9, 22, 15],
						"size": [18, 1, 4],
						"uv": [24, 106]
					},
					{
						"origin": [-9, 22, 19],
						"size": [18, 1, 4],
						"uv": [24, 106]
					},
					{
						"origin": [-9, 22, 23],
						"size": [18, 1, 4],
						"uv": [24, 106]
					},
					{
						"origin": [-6, 20, 23],
						"size": [12, 2, 3.875],
						"uv": [24, 106]
					},
					{
						"origin": [-9, 4, 23],
						"size": [10, 8, 4],
						"uv": [39, 108]
					},
					{
						"origin": [1, 4, 23],
						"size": [8, 8, 4],
						"uv": [35, 107]
					},
					{
						"origin": [6, 8, 7],
						"size": [3, 4, 19],
						"uv": [24, 102]
					},
					{
						"origin": [6, 8, -10],
						"size": [3, 4, 17],
						"uv": [25, 102]
					},
					{
						"origin": [5, 4, -11],
						"size": [4.5, 4, 18],
						"uv": [24, 103]
					},
					{
						"origin": [-9, 8, -10],
						"size": [3, 4, 17],
						"uv": [25, 102]
					},
					{
						"origin": [-9.5, 4, -11],
						"size": [4.5, 4, 16],
						"uv": [25, 102]
					},
					{
						"origin": [8, 4, -11],
						"size": [1, 4, 22],
						"uv": [46, 102]
					},
					{
						"origin": [-9.5, 4, -12],
						"size": [19, 5, 1],
						"uv": [60, 85]
					},
					{
						"origin": [5, 10, -11.5],
						"size": [2, 2, 1],
						"uv": [110, 92]
					},
					{
						"origin": [-7, 10, -11.5],
						"size": [2, 2, 1],
						"uv": [118, 95]
					},
					{
						"origin": [-2.5, 10, -9],
						"size": [5, 1, 1],
						"uv": [92, 102]
					},
					{
						"origin": [2, 11, -9],
						"size": [1, 4, 1],
						"uv": [100, 86]
					},
					{
						"origin": [-2.5, 15, -9],
						"size": [5, 1, 1],
						"uv": [104, 102]
					},
					{
						"origin": [-3, 11, -9],
						"size": [1, 4, 1],
						"uv": [124, 97]
					},
					{
						"origin": [-0.5, 12.5, -9],
						"size": [1, 1, 1],
						"uv": [64, 83]
					},
					{
						"origin": [-0.25, 13.5, -9],
						"size": [0.5, 2, 0.5],
						"uv": [0, 0]
					},
					{
						"origin": [-1, 12, -9],
						"size": [0.5, 1, 0.5],
						"uv": [2, 2]
					},
					{
						"origin": [-1.5, 11.5, -9],
						"size": [0.5, 1, 0.5],
						"uv": [2, 2]
					},
					{
						"origin": [-2, 11, -9],
						"size": [0.5, 1, 0.5],
						"uv": [2, 2]
					},
					{
						"origin": [0.5, 12, -9],
						"size": [0.5, 1, 0.5],
						"uv": [2, 2]
					},
					{
						"origin": [1, 11.5, -9],
						"size": [0.5, 1, 0.5],
						"uv": [2, 2]
					},
					{
						"origin": [1.5, 11, -9],
						"size": [0.5, 1, 0.5],
						"uv": [2, 2]
					},
					{
						"origin": [-6, 8, 20],
						"size": [12, 1, 2],
						"uv": [104, 151]
					},
					{
						"origin": [-6, 8, 15],
						"size": [12, 1, 2],
						"uv": [112, 141]
					},
					{
						"origin": [-6, 8, 10],
						"size": [12, 1, 2],
						"uv": [112, 149]
					},
					{
						"origin": [-7, 1.625, 22],
						"size": [14, 1, 1],
						"uv": [148, 88]
					},
					{
						"origin": [-6, 8, 5],
						"size": [12, 1, 2],
						"uv": [108, 153]
					},
					{
						"origin": [-6, 8, 1],
						"size": [12, 8, 1.5],
						"uv": [104, 136]
					},
					{
						"origin": [-6, 8, -3],
						"size": [12, 1, 4.5],
						"uv": [111, 148]
					},
					{
						"origin": [-6, 7.5, -9],
						"size": [12, 3, 0.5],
						"uv": [2, 10]
					},
					{
						"origin": [-6, 6.5, -0.5],
						"size": [12, 1, 9.5],
						"uv": [61, 91]
					},
					{
						"origin": [-8, 13, -10],
						"size": [16, 8, 0],
						"uv": [2, 19]
					},
					{
						"origin": [-3, 8, 11],
						"size": [6, 6, 0.5],
						"uv": [106, 96]
					},
					{
						"origin": [-0.5, 10.5, 11],
						"size": [1, 2, 1],
						"uv": [100, 83]
					},
					{
						"origin": [3, 2.125, -9],
						"size": [2, 2, 2],
						"uv": [117, 2]
					},
					{
						"origin": [3, 2.125, 21.5],
						"size": [2, 2, 2],
						"uv": [170, 90]
					},
					{
						"origin": [3, 2.125, 7.5],
						"size": [2, 2, 2],
						"uv": [116, 4]
					},
					{
						"origin": [-5, 2.125, -9],
						"size": [2, 2, 2],
						"uv": [119, 0]
					},
					{
						"origin": [-5, 2.125, 21.5],
						"size": [2, 2, 2],
						"uv": [173, 90]
					},
					{
						"origin": [-5, 2.125, 7.5],
						"size": [2, 2, 2],
						"uv": [100, 14]
					},
					{
						"origin": [-12, 10, -4],
						"size": [5, 1, 1],
						"uv": [53, 80]
					},
					{
						"origin": [7.5, 0, 21.5],
						"size": [1, 1, 2],
						"uv": [48, 89]
					},
					{
						"origin": [7.5, 0.5, 23.5],
						"size": [1, 3, 1],
						"uv": [54, 88]
					},
					{
						"origin": [7.5, 0.5, 20.5],
						"size": [1, 3, 1],
						"uv": [54, 88]
					},
					{
						"origin": [7.5, 3, 21.5],
						"size": [1, 1, 2],
						"uv": [48, 86]
					},
					{
						"origin": [7, 1, 21.5],
						"size": [1, 2, 2],
						"uv": [42, 91]
					},
					{
						"origin": [8, 10, -5],
						"size": [22, 1, 12],
						"uv": [5, 145]
					},
					{
						"origin": [-30, 10, -5],
						"size": [22, 1, 12],
						"uv": [5, 145]
					},
					{
						"origin": [-8, 1, 21.5],
						"size": [1, 2, 2],
						"uv": [56, 98]
					},
					{
						"origin": [-8.5, 0.5, 23.5],
						"size": [1, 3, 1],
						"uv": [54, 84]
					},
					{
						"origin": [-9, 19, -2],
						"size": [1, 1, 5],
						"uv": [92, 33]
					},
					{
						"origin": [8, 19, -2],
						"size": [1, 1, 5],
						"uv": [92, 33]
					},
					{
						"origin": [-9, 14, 3],
						"size": [1, 5, 1],
						"uv": [92, 33]
					},
					{
						"origin": [8, 14, 3],
						"size": [1, 5, 1],
						"uv": [92, 33]
					},
					{
						"origin": [-1.75, 10, -11.5],
						"size": [4, 2, 1],
						"uv": [114, 61]
					},
					{
						"origin": [-9, 13, -2],
						"size": [1, 1, 5],
						"uv": [92, 33]
					},
					{
						"origin": [8, 13, -2],
						"size": [1, 1, 5],
						"uv": [92, 33]
					},
					{
						"origin": [-9, 14, -3],
						"size": [1, 5, 1],
						"uv": [92, 33]
					},
					{
						"origin": [8, 14, -3],
						"size": [1, 5, 1],
						"uv": [92, 33]
					},
					{
						"origin": [-8.5, 0, 21.5],
						"size": [1, 1, 2],
						"uv": [48, 83]
					},
					{
						"origin": [-8.5, 0.5, 20.5],
						"size": [1, 3, 1],
						"uv": [54, 84]
					},
					{
						"origin": [-8.5, 3, 21.5],
						"size": [1, 1, 2],
						"uv": [54, 92]
					}
				]
			},
			{
				"name": "Leg1A",
				"pivot": [0, 2, -8],
				"cubes": [
					{
						"origin": [-8.5, 0.5, -10],
						"size": [1, 3, 1],
						"uv": [116, 84]
					},
					{
						"origin": [-7, 1.625, -8.5],
						"size": [14, 1, 1],
						"uv": [97, 21]
					},
					{
						"origin": [-8.5, 0, -9],
						"size": [1, 1, 2],
						"uv": [110, 83]
					},
					{
						"origin": [-8.5, 0.5, -7],
						"size": [1, 3, 1],
						"uv": [116, 84]
					},
					{
						"origin": [-8.5, 3, -9],
						"size": [1, 1, 2],
						"uv": [122, 92]
					},
					{
						"origin": [-8, 1, -9],
						"size": [1, 2, 2],
						"uv": [104, 87]
					},
					{
						"origin": [7.5, 0.5, -10],
						"size": [1, 3, 1],
						"uv": [116, 88]
					},
					{
						"origin": [7.5, 0.5, -7],
						"size": [1, 3, 1],
						"uv": [116, 88]
					},
					{
						"origin": [7.5, 0, -9],
						"size": [1, 1, 2],
						"uv": [110, 89]
					},
					{
						"origin": [7, 1, -9],
						"size": [1, 2, 2],
						"uv": [104, 91]
					},
					{
						"origin": [7.5, 3, -9],
						"size": [1, 1, 2],
						"uv": [104, 84]
					}
				]
			},
			{
				"name": "Leg2A",
				"pivot": [0, 2, 8.5],
				"cubes": [
					{
						"origin": [-7, 1.625, 8],
						"size": [14, 1, 1],
						"uv": [97, 21]
					},
					{
						"origin": [-8.5, 3, 7.5],
						"size": [1, 1, 2],
						"uv": [116, 92]
					},
					{
						"origin": [-8.5, 0.5, 6.5],
						"size": [1, 3, 1],
						"uv": [116, 84]
					},
					{
						"origin": [-8.5, 0, 7.5],
						"size": [1, 1, 2],
						"uv": [110, 83]
					},
					{
						"origin": [-8.5, 0.5, 9.5],
						"size": [1, 3, 1],
						"uv": [116, 84]
					},
					{
						"origin": [-8, 1, 7.5],
						"size": [1, 2, 2],
						"uv": [104, 87]
					},
					{
						"origin": [7.5, 3, 7.5],
						"size": [1, 1, 2],
						"uv": [110, 86]
					},
					{
						"origin": [7.5, 0.5, 6.5],
						"size": [1, 3, 1],
						"uv": [116, 88]
					},
					{
						"origin": [7.5, 0.5, 9.5],
						"size": [1, 3, 1],
						"uv": [116, 88]
					},
					{
						"origin": [7, 1, 7.5],
						"size": [1, 2, 2],
						"uv": [104, 91]
					},
					{
						"origin": [7.5, 0, 7.5],
						"size": [1, 1, 2],
						"uv": [110, 89]
					}
				]
			}
		]
	},
	"geometry.spider": {
		"texturewidth": 64,
		"textureheight": 32,
		"bones": [
			{
				"name": "head",
				"pivot": [0, 19, -11],
				"cubes": [
					{
						"origin": [-2, 18, -14],
						"size": [4, 3, 4],
						"uv": [10, 11]
					}
				],
				"material": "emissive"
			},
			{
				"name": "body0",
				"pivot": [0, 9, 0],
				"cubes": [
					{
						"origin": [5, 20, -9.25],
						"size": [1, 2, 1],
						"uv": [0, 0]
					},
					{
						"origin": [-6, 20, -9.25],
						"size": [1, 2, 1],
						"uv": [0, 0]
					},
					{
						"origin": [6, 21, -9.5],
						"size": [3, 2, 1],
						"uv": [50, 28]
					},
					{
						"origin": [-9, 21, -9.5],
						"size": [3, 2, 1],
						"uv": [50, 28]
					},
					{
						"origin": [-10, 18, -9],
						"size": [4, 1, 1],
						"uv": [0, 0]
					},
					{
						"origin": [-6.75, 17.5, -9.5],
						"size": [0.75, 2, 2],
						"uv": [0, 0]
					},
					{
						"origin": [6, 17.5, -9.5],
						"size": [0.75, 2, 2],
						"uv": [0, 0]
					},
					{
						"origin": [6, 18, -9],
						"size": [4, 1, 1],
						"uv": [0, 0]
					},
					{
						"origin": [-4, 19, -7],
						"size": [8, 1, 1],
						"uv": [36, 0]
					},
					{
						"origin": [-4, 15, -10],
						"size": [8, 4, 6],
						"uv": [36, 0]
					},
					{
						"origin": [-6, 16, -11],
						"size": [12, 4, 4],
						"uv": [32, 0]
					},
					{
						"origin": [-3, 13, -6],
						"size": [6, 2, 1],
						"uv": [40, 0]
					},
					{
						"origin": [-3, 10, -5],
						"size": [6, 7, 6],
						"uv": [40, 0]
					},
					{
						"origin": [-1, 14, 16],
						"size": [2, 4, 2],
						"uv": [56, 0]
					},
					{
						"origin": [-0.5, 19.5, 14.75],
						"size": [1, 2, 1],
						"uv": [55, 23]
					},
					{
						"origin": [-2, 18, 11],
						"size": [4, 4, 4],
						"uv": [34, 24]
					},
					{
						"origin": [-2, 13, 13],
						"size": [4, 5, 3],
						"uv": [50, 0]
					},
					{
						"origin": [-2, 5, 12],
						"size": [1, 1, 4],
						"uv": [54, 16]
					},
					{
						"origin": [-1, 5, 15],
						"size": [2, 1, 1],
						"uv": [15, 0]
					},
					{
						"origin": [-2, 6, 12],
						"size": [1, 1, 1],
						"uv": [57, 19]
					},
					{
						"origin": [1, 6, 12],
						"size": [1, 1, 1],
						"uv": [53, 18]
					},
					{
						"origin": [1, 6, 5],
						"size": [1, 1, 3],
						"uv": [55, 18]
					},
					{
						"origin": [1, 6, 8],
						"size": [1, 1, 4],
						"uv": [54, 17]
					},
					{
						"origin": [-2, 6, 5],
						"size": [1, 1, 3],
						"uv": [54, 17]
					},
					{
						"origin": [-2, 6, 8],
						"size": [1, 1, 4],
						"uv": [54, 17]
					},
					{
						"origin": [1, 5, 12],
						"size": [1, 1, 4],
						"uv": [54, 17]
					},
					{
						"origin": [-3, 12, 8],
						"size": [6, 4, 1],
						"uv": [46, 0]
					},
					{
						"origin": [-3, 13, 9],
						"size": [6, 5, 4],
						"uv": [46, 0]
					},
					{
						"origin": [-3, 10, 7],
						"size": [6, 6, 1],
						"uv": [46, 0]
					},
					{
						"origin": [-2, 7, -5],
						"size": [4, 3, 6],
						"uv": [50, 0]
					},
					{
						"origin": [-0.9900000000000004, 5, 1],
						"size": [1.9800000000000004, 5, 1],
						"uv": [0, 0]
					},
					{
						"origin": [-0.9900000000000004, 5, 2],
						"size": [1.9800000000000004, 5, 1],
						"uv": [0, 0]
					},
					{
						"origin": [-0.99, 5, 3],
						"size": [1.9800000000000004, 5, 1],
						"uv": [0, 0]
					},
					{
						"origin": [-0.9900000000000004, 5, 4],
						"size": [1.9800000000000004, 5, 1],
						"uv": [0, 0]
					},
					{
						"origin": [-0.9900000000000004, 5, 5],
						"size": [1.9800000000000004, 5, 1],
						"uv": [0, 0]
					},
					{
						"origin": [-0.9900000000000004, 5, 6],
						"size": [1.9800000000000004, 5, 1],
						"uv": [0, 0]
					},
					{
						"origin": [-0.99, 5, 7],
						"size": [1.9800000000000004, 5, 1],
						"uv": [0, 0]
					},
					{
						"origin": [-1.01, 5, 1],
						"size": [0, 5, 7],
						"uv": [50, 16]
					},
					{
						"origin": [1.01, 5, 1],
						"size": [0, 5, 7],
						"uv": [50, 16]
					},
					{
						"origin": [-4, 11, -4],
						"size": [8, 1.5, 3],
						"uv": [19, 23]
					},
					{
						"origin": [-2, 16, 8],
						"size": [4, 1.5, 2],
						"uv": [14, 24]
					},
					{
						"origin": [-2, 16, 6],
						"size": [4, 1.5, 2],
						"uv": [14, 24]
					},
					{
						"origin": [-2, 16, 4],
						"size": [4, 1.5, 2],
						"uv": [14, 24]
					},
					{
						"origin": [-2, 16, 2],
						"size": [4, 1.5, 2],
						"uv": [14, 24]
					},
					{
						"origin": [-2, 16, 0],
						"size": [4, 1.5, 2],
						"uv": [14, 24]
					},
					{
						"origin": [-3, 10, 1],
						"size": [6, 6, 6],
						"uv": [40, 0]
					},
					{
						"origin": [-1, 9, -16],
						"size": [2, 2, 9],
						"uv": [10, 0]
					},
					{
						"origin": [-1, 0, -16],
						"size": [2, 2, 9],
						"uv": [10, 0]
					},
					{
						"origin": [-1, 2, -8],
						"size": [2, 7, 2],
						"uv": [10, 0]
					},
					{
						"origin": [-1, 1, -7],
						"size": [2, 1, 1],
						"uv": [10, 0]
					},
					{
						"origin": [-1, 1, -17],
						"size": [2, 1, 1],
						"uv": [10, 0]
					},
					{
						"origin": [-1, 9, -17],
						"size": [2, 1, 1],
						"uv": [10, 0]
					},
					{
						"origin": [-1, 9, -7],
						"size": [2, 1, 1],
						"uv": [10, 0]
					},
					{
						"origin": [-1, 2, -17],
						"size": [2, 7, 2],
						"uv": [10, 0]
					},
					{
						"origin": [0, 2, -15],
						"size": [0, 7, 7],
						"uv": [0, 18]
					},
					{
						"origin": [-1, 9, 11],
						"size": [2, 2, 9],
						"uv": [10, 0]
					},
					{
						"origin": [-1, 2, 10],
						"size": [2, 7, 2],
						"uv": [18, 0]
					},
					{
						"origin": [0, 2, 12],
						"size": [0, 7, 7],
						"uv": [0, 18]
					},
					{
						"origin": [-1, 2, 19],
						"size": [2, 7, 2],
						"uv": [18, 0]
					},
					{
						"origin": [-1, 0, 11],
						"size": [2, 2, 9],
						"uv": [10, 0]
					},
					{
						"origin": [-1, 1, 20],
						"size": [2, 1, 1],
						"uv": [10, 0]
					},
					{
						"origin": [-1, 9, 20],
						"size": [2, 1, 1],
						"uv": [10, 0]
					},
					{
						"origin": [-1, 9, 10],
						"size": [2, 1, 1],
						"uv": [10, 0]
					},
					{
						"origin": [-1, 1, 10],
						"size": [2, 1, 1],
						"uv": [10, 0]
					}
				],
				"material": "alpha"
			},
			{
				"name": "body1",
				"pivot": [0, 15, -8.5],
				"rotation": [-16.875, 0, 0],
				"cubes": [
					{
						"origin": [-1, 22.5, 8],
						"size": [2, 4, 1],
						"uv": [56, 6]
					},
					{
						"origin": [-1, 4.5, -9],
						"size": [2, 1, 1],
						"uv": [16, 1]
					},
					{
						"origin": [-4, 20, -9],
						"size": [8, 4, 0],
						"uv": [26, 13]
					},
					{
						"origin": [-2, 5, -9],
						"size": [1, 12, 1],
						"uv": [0, 0]
					},
					{
						"origin": [1, 5, -9],
						"size": [1, 12, 1],
						"uv": [0, 0]
					}
				],
				"material": "alpha"
			},
			{"name": "leg1", "pivot": [0, 5.5, 15.5], "cubes": []},
			{"name": "leg2", "pivot": [0, 5.5, -11.5], "cubes": []}
		]
	}
}